Player,Salary
Aaron Harrison,NA
Adreian Payne,NA
Alan Anderson,NA
Alonzo Gee,NA
Anthony Bennett,NA
Anthony Brown,NA
Anthony Morrow,NA
Archie Goodwin,NA
Arinze Onuaku,NA
Ben Bentil,NA
Boris Diaw,NA
Brandon Bass,NA
Brian Roberts,NA
C.J. Wilcox,NA
Chris Andersen,NA
Christian Wood,NA
Dahntay Jones,NA
Damjan Rudez,NA
Danuel House,NA
Darrun Hilliard,NA
David Lee,NA
Donatas Motiejunas,NA
Edy Tavares,NA
Elijah Millsap,NA
Gary Neal,NA
Greivis Vasquez,NA
Hollis Thompson,NA
James Jones,NA
James Michael,NA
James Young,NA
Jared Sullinger,NA
Jarnell Stokes,NA
Jarrod Uthoff,NA
Joel Anthony,NA
John Jenkins,NA
John Lucas,NA
Jonathan Gibson,NA
Jordan Hill,NA
Jordan McRae,NA
Justin Harper,NA
Kevin Seraphin,NA
Kris Humphries,NA
Kyle Wiltjer,NA
Lamar Patterson,NA
Lavoy Allen,NA
Luc Mbah,NA
Luis Scola,NA
Manny Harris,NA
Marcelo Huertas,NA
Maurice Ndour,NA
Metta World,NA
Mike Miller,NA
Mike Tobey,NA
Nicolas Laprovittola,NA
Norris Cole,NA
Patricio Garino,NA
Pierre Jackson,NA
R.J. Hunter,NA
Randy Foye,NA
Reggie Williams,NA
Rodney Stuckey,NA
Roy Hibbert,NA
Ryan Kelly,NA
Sasha Vujacic,NA
Semaj Christon,NA
Sergio Rodriguez,NA
Shawn Long,NA
Sheldon McClellan,NA
Steve Novak,NA
Terrence Jones,NA
Thomas Robinson,NA
Tiago Splitter,NA
Tim Quarterman,NA
Toney Douglas,NA
Ty Lawson,NA
